Tray,Cup,Line,Sex,Tube,Yellow,Start,Dusk1,Day1,Day1end,Day1mate,Day2,Day2End,Day2mate,Day3,Day3End,Day3mate,Dusk2,Late,Dusk&Day,Matings
1,1,R1_1,Female,1,100,Dusk,Yes,,,,,,,,,,tryoni,,Dusk,2
1,2,R1_1,Female,2,95,Dusk,Yes,,,,,,,,,,tryoni,,Dusk,2
1,3,R1_1,Female,3,95,Dusk,Yes,,,,,,,,,,tryoni,,Dusk,2
1,4,R1_1,Female,4,75+,Dusk,Yes,,,,,,,,,,,,Dusk,1
1,5,R1_1,Female,5,75,Dusk,Yes,,,,,,,,,,,,Dusk,1
1,6,R1_1,Female,6,95,Dusk,No,,,,,,,,,,,,None,0
1,7,R1_5,Female,7,25,Dusk,Yes,,,,,,,,,,,,Dusk,1
1,8,R1_5,Female,8,25,Dusk,Yes,,,,,,,,,,,,Dusk,1
1,9,R1_5,Female,9,75,Dusk,No,,,,,,,,,,,,None,0
1,10,R1_5,Female,10,25,Dusk,Yes,,,,,,,,,,tryoni,,Dusk,2
1,11,R1_5,Female,11,5,Dusk,Yes,,,,,,,,,,tryoni,,Dusk,2
1,12,R1_5,Female,12,0,Dusk,No,,,,,,,,,,tryoni,,Dusk,1
1,13,R2,Female,13,95,Dusk,No,,,,,,,,,,tryoni,,Dusk,1
1,14,R2,Female,14,95,Dusk,Yes,,,,,,,,,,,,Dusk,1
1,15,R2,Female,15,75+,Dusk,Yes,,,,,,,,,,tryoni,,Dusk,2
1,16,R2,Female,16,0,Dusk,Yes,,,,,,,,,,,,Dusk,1
1,17,R2,Female,17,95,Dusk,No,,,,,,,,,,tryoni,,Dusk,1
1,18,R2,Female,18,75+,Dusk,No,,,,,,,,,,tryoni,,Dusk,1
3,1,R1_1,Female,37,25,Dusk,Yes,16:30,Dusk,tryoni,,,,,,,tryoni,,Dusk,3
3,2,R1_1,Female,38,0,Dusk,Yes,,,,,,,,,,tryoni,,Dusk,2
3,3,R1_1,Female,39,75+,Dusk,Yes,,,,,,,,,,,,Dusk,1
3,4,R1_1,Female,40,75+,Dusk,Yes,,,,,,,,,,tryoni,,Dusk,2
3,5,R1_1,Female,41,0,Dusk,No,,,,,,,,,,tryoni,,Dusk,1
3,6,R1_1,Female,42,75+,Dusk,No,,,,,,,,,,tryoni,,Dusk,1
3,7,R1_5,Female,43,5,Dusk,Yes,,,,,,,,,,,,Dusk,1
3,8,R1_5,Female,44,75,Dusk,Yes,,,,,,,,,,tryoni,,Dusk,2
3,9,R1_5,Female,45,25,Dusk,Yes,,,,,,,,,,,,Dusk,1
3,10,R1_5,Female,46,5,Dusk,Yes,,,,,,,,,,tryoni,,Dusk,2
3,11,R1_5,Female,47,0,Dusk,No,,,,,,,,,,tryoni,,Dusk,1
3,12,R1_5,Female,48,25+,Dusk,Yes,,,,,,,,,,tryoni,,Dusk,2
3,13,R2,Female,49,95,Dusk,No,,,,,,,,,,,,None,0
3,14,R2,Female,50,95,Dusk,No,,,,,,,,,,,,None,0
3,15,R2,Female,51,95,Dusk,No,,,,,,,,,,,,None,0
3,16,R2,Female,52,75+,Dusk,No,,,,,,,,,,,,None,0
3,17,R2,Female,53,75+,Dusk,Yes,,,,,,,,,,tryoni,,Dusk,2
3,18,R2,Female,54,75+,Dusk,Yes,,,,,,,,,,,,Dusk,1
5,1,R1_1,Female,73,,Dusk,Yes,,,,,,,,,,,,Dusk,1
5,2,R1_1,Female,74,0,Dusk,No,,,,,,,,,,,,None,0
5,3,R1_1,Female,75,95,Dusk,Yes,,,,,,,,,,tryoni,,Dusk,2
5,4,R1_1,Female,76,75+,Dusk,No,16:15,Dusk,,,,,,,,tryoni,,Dusk,2
5,5,R1_1,Female,77,95,Dusk,No,,,,,,,,,,,,None,0
5,6,R1_1,Female,78,95,Dusk,Yes,,,,,,,,,,tryoni,,Dusk,2
5,7,R1_5,Female,79,25,Dusk,Yes,,,,,,,,,,,,Dusk,1
5,8,R1_5,Female,80,25,Dusk,Yes,,,,,,,,,,tryoni,,Dusk,2
5,9,R1_5,Female,81,5,Dusk,No,,,,,,,,,,tryoni,,Dusk,1
5,10,R1_5,Female,82,25+,Dusk,Yes,,,,,,,,,,tryoni,,Dusk,2
5,11,R1_5,Female,83,5,Dusk,No,,,,,,,,,,tryoni,,Dusk,1
5,12,R1_5,Female,84,25,Dusk,No,,,,,,,,,,,DISCARD,None,0
5,13,R2,Female,85,95,Dusk,No,,,,,,,,,,,,None,0
5,14,R2,Female,86,100,Dusk,No,,,,,,,,,,,,None,0
5,15,R2,Female,87,75+,Dusk,Yes,16:30,Dusk,,,,,,,,tryoni,,Dusk,3
5,16,R2,Female,88,50,Dusk,No,,,,,,,,,,,,None,0
5,17,R2,Female,89,75,Dusk,Yes,,,,,,,,,,,,Dusk,1
5,18,R2,Female,90,75+,Dusk,Yes,,,,,,,,,,,,Dusk,1
7,1,R1_1,Female,109,100,Dusk,Yes,,,,,,,,,,tryoni,,Dusk,2
7,2,R1_1,Female,110,75,Dusk,Yes,,,,,,,,,,,DISCARD,Dusk,1
7,3,R1_1,Female,111,0,Dusk,Yes,,,,,,,,,,,,Dusk,1
7,4,R1_1,Female,112,75+,Dusk,Yes,,,,,,,,,,tryoni,,Dusk,2
7,5,R1_1,Female,113,75,Dusk,Yes,,,,,,,,,,,,Dusk,1
7,6,R1_1,Female,114,25,Dusk,Yes,16:30,Dusk,tryoni,,,,,,,tryoni,,Dusk,3
7,7,R1_5,Female,115,5,Dusk,Yes,,,,,,,,,,tryoni,,Dusk,2
7,8,R1_5,Female,116,5,Dusk,Yes,,,,,,,,,,,,Dusk,1
7,9,R1_5,Female,117,25,Dusk,Yes,,,,,,,,,,tryoni,,Dusk,2
7,10,R1_5,Female,118,25,Dusk,No,,,,,,,,,,,,None,0
7,11,R1_5,Female,119,5,Dusk,Yes,,,,,,,,,,tryoni,,Dusk,2
7,12,R1_5,Female,120,5,Dusk,Yes,,,,,,,,,,,,Dusk,1
7,13,R2,Female,121,95,Dusk,Yes,,,,,,,,,,tryoni,,Dusk,2
7,14,R2,Female,122,50,Dusk,Yes,,,,,,,,,,,,Dusk,1
7,15,R2,Female,123,95,Dusk,No,,,,,,,,,,,,None,0
7,16,R2,Female,124,95,Dusk,No,,,,,,,,,,,,None,0
7,17,R2,Female,125,95,Dusk,Yes,,,,,,,,,,,,Dusk,1
7,18,R2,Female,126,95,Dusk,Yes,,,,,,,,,,tryoni,,Dusk,2
9,1,R1_1,Female,145,95,Dusk,Yes,,,,,,,,,,tryoni,,Dusk,2
9,2,R1_1,Female,146,95,Dusk,No,,,,,,,,,,,,None,0
9,3,R1_1,Female,147,5,Dusk,Yes,,,,,,,,,,tryoni,,Dusk,2
9,4,R1_1,Female,148,75+,Dusk,Yes,,,,,,,,,,tryoni,,Dusk,2
9,5,R1_1,Female,149,75+,Dusk,No,,,,,,,,,,tryoni,,Dusk,1
9,6,R1_1,Female,150,75,Dusk,No,,,,,,,,,,,tryoni,None,0
9,7,R1_5,Female,151,5,Dusk,Yes,,,,,,,,,,tryoni,,Dusk,2
9,8,R1_5,Female,152,5,Dusk,No,,,,,,,,,,tryoni,,Dusk,1
9,9,R1_5,Female,153,0,Dusk,No,,,,,,,,,,,,None,0
9,10,R1_5,Female,154,5,Dusk,No,,,,,,,,,,,,None,0
9,11,R1_5,Female,155,5,Dusk,Yes,,,,,,,,,,,,Dusk,1
9,12,R1_5,Female,156,75,Dusk,No,,,,,,,,,,,,None,0
9,13,R2,Female,157,75+,Dusk,Yes,,,,,,,,,,,,Dusk,1
9,14,R2,Female,158,75+,Dusk,Yes,,,,,,,,,,,,Dusk,1
9,15,R2,Female,159,0,Dusk,Yes,,,,,,,,,,tryoni,,Dusk,2
9,16,R2,Female,160,75,Dusk,Yes,,,,,,,,,,,,Dusk,1
9,17,R2,Female,161,95,Dusk,Yes,,,,,,,,,,tryoni,,Dusk,2
9,18,R2,Female,162,0,Dusk,Yes,,,,,,,,,,,,Dusk,1
11,1,R1_1,Female,181,5,Dusk,Yes,,,,,,,,,,tryoni,neo,Dusk,2
11,2,R1_1,Female,182,5,Dusk,Yes,,,,,,,,,,tryoni,,Dusk,2
11,3,R1_1,Female,183,95,Dusk,No,,,,,,,,,,tryoni,,Dusk,1
11,4,R1_1,Female,184,75+,Dusk,No,,,,,,,,,,,,None,0
11,5,R1_1,Female,185,5,Dusk,Yes,,,,,,,,,,tryoni,,Dusk,2
11,6,R1_1,Female,186,95,Dusk,Yes,,,,,,,,,,,tyoni,Dusk,1
11,7,R1_5,Female,187,5,Dusk,Yes,,,,,,,,,,,,Dusk,1
11,8,R1_5,Female,188,25,Dusk,Yes,,,,,,,,,,,,Dusk,1
11,9,R1_5,Female,189,5,Dusk,Yes,,,,,,,,,,,,Dusk,1
11,10,R1_5,Female,190,0,Dusk,Yes,,,,,,,,,,,,Dusk,1
11,11,R1_5,Female,191,5,Dusk,Yes,,,,,,,,,,tryoni,,Dusk,2
11,12,R1_5,Female,192,5,Dusk,Yes,,,,,,,,,,tryoni,,Dusk,2
11,13,R2,Female,193,95,Dusk,No,,,,,,,,,,tryoni,,Dusk,1
11,14,R2,Female,194,95,Dusk,No,,,,,,,,,,,tryoni,None,0
11,15,R2,Female,195,95,Dusk,No,,,,,,,,,,tryoni,,Dusk,1
11,16,R2,Female,196,,Dusk,No,,,,,,,,,,,DISCARD,None,0
11,17,R2,Female,197,95,Dusk,No,16:30,Dusk,tryoni,,,,,,,tryoni,,Dusk,2
11,18,R2,Female,198,75,Dusk,Yes,,,,,,,,,,,,Dusk,1
13,1,R1_1,Female,217,0,Dusk,Yes,,,,,,,,,,tryoni,,Dusk,2
13,2,R1_1,Female,218,,Dusk,Yes,,,,,,,,,,tryoni,LOST,Dusk,2
13,3,R1_1,Female,219,75+,Dusk,Yes,,,,,,,,,,,,Dusk,1
13,4,R1_1,Female,220,95,Dusk,Yes,,,,,,,,,,tryoni,,Dusk,2
13,5,R1_1,Female,221,0,Dusk,Yes,,,,,,,,,,,,Dusk,1
13,6,R1_1,Female,222,75+,Dusk,Yes,,,,,,,,,,tryoni,,Dusk,2
13,7,R1_5,Female,223,25,Dusk,No,15:30,Dusk,neo,,,,,,,neo,,Both,2
13,8,R1_5,Female,224,25,Dusk,No,,,,,,,,,,tryoni,,Dusk,1
13,9,R1_5,Female,225,5,Dusk,No,,,,,,,,,,tryoni,,Dusk,1
13,10,R1_5,Female,226,0,Dusk,Yes,,,,,,,,,,,,Dusk,1
13,11,R1_5,Female,227,25+,Dusk,Yes,,,,,,,,,,tryoni,,Dusk,2
13,12,R1_5,Female,228,5,Dusk,No,,,,,,,,,,tryoni,,Dusk,1
13,13,R2,Female,229,95,Dusk,Yes,,,,,,,,,,,,Dusk,1
13,14,R2,Female,230,75+,Dusk,Yes,,,,,,,,,,,,Dusk,1
13,15,R2,Female,231,75+,Dusk,Yes,,,,,,,,,,neo,,Dusk,2
13,16,R2,Female,232,95,Dusk,Yes,,,,,,,,,,tryoni,,Dusk,2
13,17,R2,Female,233,75+,Dusk,Yes,,,,,,,,,,tryoni,DISCARD,Dusk,2
13,18,R2,Female,234,75,Dusk,Yes,,,,,,,,,,tryoni,,Dusk,2
15,1,R1_1,Female,253,75,Dusk,Yes,,,,,,,,,,,,Dusk,1
15,2,R1_1,Female,254,50,Dusk,Yes,,,,,,,,,,tryoni,,Dusk,2
15,3,R1_1,Female,255,5,Dusk,Yes,,,,,,,,,,tryoni,,Dusk,2
15,4,R1_1,Female,256,75+,Dusk,Yes,,,,,,,,,,tryoni,,Dusk,2
15,5,R1_1,Female,257,75,Dusk,Yes,,,,,,,,,,,,Dusk,1
15,6,R1_1,Female,258,0,Dusk,Yes,,,,,,,,,,tryoni,,Dusk,2
15,7,R1_5,Female,259,5,Dusk,No,,,,,,,,,,,,None,0
15,8,R1_5,Female,260,5,Dusk,Yes,,,,,,,,,,tryoni,,Dusk,2
15,9,R1_5,Female,261,25,Dusk,Yes,,,,,,,,,,tryoni,,Dusk,2
15,10,R1_5,Female,262,5,Dusk,No,,,,,,,,,,neo,,Dusk,1
15,11,R1_5,Female,263,5,Dusk,No,,,,,,,,,,,,None,0
15,12,R1_5,Female,264,25+,Dusk,No,11:30,12:00,neo,,,,,,,tryoni,,Both,2
15,13,R2,Female,265,95,Dusk,Yes,,,,,,,,,,,,Dusk,1
15,14,R2,Female,266,95,Dusk,No,,,,,,,,,,,,None,0
15,15,R2,Female,267,,Dusk,No,,,,,,,,,,tryoni,DISCARD,Dusk,1
15,16,R2,Female,268,75+,Dusk,No,,,,,,,,,,,,None,0
15,17,R2,Female,269,95,Dusk,Yes,,,,,,,,,,,,Dusk,1
15,18,R2,Female,270,75+,Dusk,No,,,,,,,,,,,,None,0
17,1,R1_1,Female,289,95,Dusk,Yes,,,,,,,,,,tryoni,,Dusk,2
17,2,R1_1,Female,290,0,Dusk,Yes,,,,,,,,,,,,Dusk,1
17,3,R1_1,Female,291,5,Dusk,No,,,,,,,,,,,,None,0
17,4,R1_1,Female,292,95,Dusk,Yes,,,,,,,,,,tryoni,,Dusk,2
17,5,R1_1,Female,293,5,Dusk,No,,,,,,,,,,,tryoni,None,0
17,6,R1_1,Female,294,95,Dusk,No,,,,,,,,,,,,None,0
17,7,R1_5,Female,295,5,Dusk,No,,,,,,,,,,tryoni,,Dusk,1
17,8,R1_5,Female,296,25,Dusk,No,,,,,,,,,,tryoni,,Dusk,1
17,9,R1_5,Female,297,50,Dusk,No,,,,,,,,,,tryoni,,Dusk,1
17,10,R1_5,Female,298,25,Dusk,No,,,,,,,,,,tryoni,,Dusk,1
17,11,R1_5,Female,299,5,Dusk,Yes,,,,,,,,,,tryoni,,Dusk,2
17,12,R1_5,Female,300,75,Dusk,Yes,,,,,,,,,,tryoni,,Dusk,2
17,13,R2,Female,301,95,Dusk,No,,,,,,,,,,,,None,0
17,14,R2,Female,302,75+,Dusk,No,,,,,,,,,,,,None,0
17,15,R2,Female,303,100,Dusk,No,,,,,,,,,,tryoni,,Dusk,1
17,16,R2,Female,304,75+,Dusk,Yes,,,,,,,,,,,,Dusk,1
17,17,R2,Female,305,95,Dusk,No,,,,,,,,,,,,None,0
17,18,R2,Female,306,95,Dusk,No,,,,,,,,,,,,None,0
19,1,R1_1,Female,325,75+,Dusk,No,,,,,,,,,,tryoni,,Dusk,1
19,2,R1_1,Female,326,95,Dusk,Yes,,,,,,,,,,tryoni,,Dusk,2
19,3,R1_1,Female,327,5,Dusk,Yes,,,,,,,,,,,,Dusk,1
19,4,R1_1,Female,328,95,Dusk,Yes,,,,,,,,,,tryoni,,Dusk,2
19,5,R1_1,Female,329,95,Dusk,Yes,,,,,,,,,,,,Dusk,1
19,6,R1_1,Female,330,75,Dusk,No,,,,,,,,,,,,None,0
19,7,R1_5,Female,331,25,Dusk,No,,,,,,,,,,,,None,0
19,8,R1_5,Female,332,5,Dusk,No,,,,,,,,,,,DISCARD,None,0
19,9,R1_5,Female,333,5,Dusk,Yes,,,,,,,,,,,,Dusk,1
19,10,R1_5,Female,334,25,Dusk,No,,,,,,,,,,tryoni,,Dusk,1
19,11,R1_5,Female,335,5,Dusk,Yes,,,,,,,,,,tryoni,,Dusk,2
19,12,R1_5,Female,336,5,Dusk,No,13:15,14:15,neo,,,,,,,tryoni,,Both,2
19,13,R2,Female,337,95,Dusk,Yes,   ,,,,,,,,,,DISCARD,Dusk,2
19,14,R2,Female,338,95,Dusk,Yes,,,,,,,,,,tryoni,,Dusk,2
19,15,R2,Female,339,95,Dusk,No,,,,,,,,,,tryoni,,Dusk,1
19,16,R2,Female,340,75+,Dusk,Yes,,,,,,,,,,tryoni,,Dusk,2
19,17,R2,Female,341,75+,Dusk,No,,,,,,,,,,tryoni,,Dusk,1
19,18,R2,Female,342,75+,Dusk,Yes,,,,,,,,,,,,Dusk,1
Control,Control1,neoC,Female,,,Dusk,No,,,,,,,,,,,,None,0
Control,Control1,S06,Female,,,Dusk,No,16:30,Dusk,tryoni,,,,,,,tryoni,,Dusk,2
Control,Control10,neoC,Female,,,Dusk,No,,,,,,,,,,,,None,0
Control,Control10,S06,Female,,,Dusk,No,,,,,,,,,,,,None,0
Control,Control11,neoC,Female,,,Dusk,No,,,,,,,,,,,,None,0
Control,Control11,S06,Female,,,Dusk,No,,,,,,,,,,,,None,0
Control,Control12,neoC,Female,,,Dusk,No,,,,,,,,,,,,None,0
Control,Control12,S06,Female,,,Dusk,Yes,,,,,,,,,,tryoni,,Dusk,2
Control,Control13,neoC,Female,,,Dusk,No,7:00,,neo,,,,,,,,,Day,1
Control,Control13,S06,Female,,,Dusk,Yes,,,,,,,,,,,,Dusk,1
Control,Control14,neoC,Female,,,Dusk,No,,,,,,,,,,,,None,0
Control,Control14,S06,Female,,,Dusk,Yes,,,,,,,,,,,,Dusk,1
Control,Control15,neoC,Female,,,Dusk,No,7:45,,neo,,,,,,,,,Day,1
Control,Control15,S06,Female,,,Dusk,Yes,,,,,,,,,,tryoni,,Dusk,2
Control,Control2,neoC,Female,,,Dusk,Yes,,,,,,,,,,,,Dusk,1
Control,Control2,S06,Female,,,Dusk,Yes,,,,,,,,,,tryoni,,Dusk,2
Control,Control3,neoC,Female,,,Dusk,No,,,,,,,,,,,,None,0
Control,Control3,S06,Female,,,Dusk,No,,,,,,,,,,tryoni,,Dusk,1
Control,Control4,neoC,Female,,,Dusk,No,,,,,,,,,,,,None,0
Control,Control4,S06,Female,,,Dusk,Yes,,,,,,,,,,,,Dusk,1
Control,Control5,neoC,Female,,,Dusk,No,,,,,,,,,,,,None,0
Control,Control5,S06,Female,,,Dusk,Yes,,,,,,,,,,,,Dusk,1
Control,Control6,neoC,Female,,,Dusk,No,,,,,,,,,,,,None,0
Control,Control6,S06,Female,,,Dusk,Yes,,,,,,,,,,tryoni,,Dusk,2
Control,Control7,neoC,Female,,,Dusk,No,,,,,,,,,,,,None,0
Control,Control7,S06,Female,,,Dusk,Yes,,,,,,,,,,tryoni,,Dusk,2
Control,Control8,neoC,Female,,,Dusk,No,,,,,,,,,,,,None,0
Control,Control8,S06,Female,,,Dusk,No,,,,,,,,,,tryoni,,Dusk,1
Control,Control9,neoC,Female,,,Dusk,No,,,,,,,,,,,,None,0
Control,Control9,S06,Female,,,Dusk,Yes,,,,,,,,,,tryoni,,Dusk,2
2,1,R1_1,Male,19,5,Dusk,Yes,,,,,,,,,,,,Dusk,1
2,2,R1_1,Male,20,95,Dusk,Yes,,,,,,,,,,,,Dusk,1
2,3,R1_1,Male,21,95,Dusk,Yes,,,,,,,,,,,,Dusk,1
2,4,R1_1,Male,22,95,Dusk,Yes,15:15,15:45,neo,,,,,,,neo,,Both,3
2,5,R1_1,Male,23,5,Dusk,No,,,,,,,,,,,,None,0
2,6,R1_1,Male,24,95,Dusk,No,,,,,,,,,,,,None,0
2,7,R1_5,Male,25,5,Dusk,No,Call,15:15,,,,,,,,neo,,Dusk,1
2,8,R1_5,Male,26,5,Dusk,Yes,15:45,16:15,tryoni,16:30,Dusk,tryoni,,,,tryoni,,Both,4
2,9,R1_5,Male,27,25,Dusk,No,13:45,14:15,neo,15:15,15:45,tryoni,,,,,,Day,2
2,10,R1_5,Male,28,25+,Dusk,No,Call,15:15,,,,,,,,,,None,0
2,11,R1_5,Male,29,50,Dusk,No,Call,15:15,,,,,,,,,,None,0
2,12,R1_5,Male,30,50,Dusk,No,12:30,12:45,neo,,,,,,,,,Day,1
2,13,R2,Male,31,95,Dusk,No,16:30,Dusk,,,,,,,,tryoni,,Dusk,2
2,14,R2,Male,32,75+,Dusk,No,,,,,,,,,,,,None,0
2,15,R2,Male,33,75,Dusk,No,16:00,16:15,neo,,,,,,,,,None,1
2,16,R2,Male,34,95,Dusk,Yes,,,,,,,,,,tryoni,,Dusk,2
2,17,R2,Male,35,75,Dusk,No,,,,,,,,,,tryoni,,Dusk,1
2,18,R2,Male,36,75+,Dusk,Yes,,,,,,,,,,tryoni,,Dusk,2
4,1,R1_1,Male,55,95,Dusk,No,16:00,16:10,neo,,,,,,,,,None,1
4,2,R1_1,Male,56,75,Dusk,Yes,15:00,15:15,neo,,,,,,,,,Both,2
4,3,R1_1,Male,57,95,Dusk,Yes,,,,,,,,,,tryoni,,Dusk,2
4,4,R1_1,Male,58,5,Dusk,No,,,,,,,,,,,,None,0
4,5,R1_1,Male,59,75+,Dusk,Yes,,,,,,,,,,,,Dusk,1
4,6,R1_1,Male,60,75+,Dusk,No,,,,,,,,,,,,None,0
4,7,R1_5,Male,61,25,Dusk,No,14:15,14:30,neo,,,,,,,,,Day,1
4,8,R1_5,Male,62,5,Dusk,No,,,,,,,,,,,,None,0
4,9,R1_5,Male,63,5,Dusk,Yes,14:30,15:00,neo,Call,15:15,,Call,16:00,,tryoni,,Both,3
4,10,R1_5,Male,64,75,Dusk,No,,,,,,,,,,,,None,0
4,11,R1_5,Male,65,25,Dusk,No,14:00,14:30,neo,,,,,,,,,Day,1
4,12,R1_5,Male,66,50,Dusk,No,13:15,13:30,neo,,,,,,,,,Day,1
4,13,R2,Male,67,5,Dusk,No,,,,,,,,,,,,None,0
4,14,R2,Male,68,95,Dusk,Yes,16:30,Dusk,,,,,,,,tryoni,,Dusk,3
4,15,R2,Male,69,25,Dusk,Yes,,,,,,,,,,,,Dusk,1
4,16,R2,Male,70,95,Dusk,No,,,,,,,,,,,tryoni,None,0
4,17,R2,Male,71,95,Dusk,Yes,,,,,,,,,,tryoni,,Dusk,2
4,18,R2,Male,72,100,Dusk,No,,,,,,,,,,,,None,0
6,1,R1_1,Male,91,75+,Dusk,Yes,,,,,,,,,,,,Dusk,1
6,2,R1_1,Male,92,0,Dusk,No,15:15,15:45,neo,,,,,,,,,Day,1
6,3,R1_1,Male,93,75+,Dusk,No,14:30,15:00,neo,,,,,,,,,Day,1
6,4,R1_1,Male,94,25,Dusk,No,15:00,15:45,neo,,,,,,,,,Day,1
6,5,R1_1,Male,95,25,Dusk,No,13:45,14:15,neo,,,,,,,,,Day,1
6,6,R1_1,Male,96,5,Dusk,No,Call,15:00,,,,,,,,,,None,0
6,7,R1_5,Male,97,50,Dusk,No,14:30,15:15,tryoni,16:00,16:15,tryoni,,,,,,Day,2
6,8,R1_5,Male,98,25,Dusk,Yes,,,,,,,,,,,,Dusk,1
6,9,R1_5,Male,99,50,Dusk,No,,,,,,,,,,,,None,0
6,10,R1_5,Male,100,50,Dusk,No,Call,14:30,,Call,15:15,,,,,,,None,0
6,11,R1_5,Male,101,5,Dusk,No,Call,14:15,,16:30,Dusk,tryoni,,,,tryoni,,Dusk,2
6,12,R1_5,Male,102,25,Dusk,No,,,,,,,,,,,,None,0
6,13,R2,Male,103,75+,Dusk,Yes,,,,,,,,,,,,Dusk,1
6,14,R2,Male,104,75+,Dusk,No,,,,,,,,,,tryoni,,Dusk,1
6,15,R2,Male,105,95,Dusk,Yes,,,,,,,,,,tryoni,,Dusk,2
6,16,R2,Male,106,95,Dusk,No,16:30,Dusk,tryoni,,,,,,,tryoni,,Dusk,2
6,17,R2,Male,107,75+,Dusk,No,,,,,,,,,,neo,,Dusk,1
6,18,R2,Male,108,75+,Dusk,No,,,,,,,,,,,,None,0
8,1,R1_1,Male,127,95,Dusk,Yes,15:45,16:00,tryoni,16:00,16:10,neo,,,,,,Both,3
8,2,R1_1,Male,128,95,Dusk,No,,,,,,,,,,,,None,0
8,3,R1_1,Male,129,95,Dusk,Yes,,,,,,,,,,,,Dusk,1
8,4,R1_1,Male,130,75+,Dusk,No,15:00,15:30,neo,16:00,16:15,neo,,,,,,Day,2
8,5,R1_1,Male,131,50,Dusk,Yes,Call,15:45,,16:30,16:45,neo,,,,,,Dusk,2
8,6,R1_1,Male,132,5,Dusk,No,15:00,15:15,neo,,,,,,,,,Day,1
8,7,R1_5,Male,133,50,Dusk,No,,,,,,,,,,,,None,0
8,8,R1_5,Male,134,5,Dusk,Yes,15:15,16:00,tryoni,16:15,16:25,tryoni,16:30,Dusk,tryoni,tryoni,,Both,5
8,9,R1_5,Male,135,5,Dusk,No,Call,15:30,,,,,,,,,,None,0
8,10,R1_5,Male,136,75,Dusk,No,,,,,,,,,,,,None,0
8,11,R1_5,Male,137,5,Dusk,No,15:15,16:15,tryoni,,,,,,,,,Day,1
8,12,R1_5,Male,138,50,Dusk,Yes,,,,,,,,,,,,Dusk,1
8,13,R2,Male,139,5,Dusk,No,15:00,15:15,tryoni,,,,,,,,,Day,1
8,14,R2,Male,140,75,Dusk,Yes,,,,,,,,,,,,Dusk,1
8,15,R2,Male,141,,Dusk,No,,,,,,,,,,,DISCARD,None,0
8,16,R2,Male,142,75,Dusk,Yes,,,,,,,,,,,,Dusk,1
8,17,R2,Male,143,75+,Dusk,No,,,,,,,,,,tryoni,,Dusk,1
8,18,R2,Male,144,75,Dusk,Yes,,,,,,,,,,tryoni,,Dusk,2
10,1,R1_1,Male,163,5,Dusk,No,,,,,,,,,,,,None,0
10,2,R1_1,Male,164,0,Dusk,Yes,,,,,,,,,,tryoni,,Dusk,2
10,3,R1_1,Male,165,5,Dusk,No,,,,,,,,,,,,None,0
10,4,R1_1,Male,166,75+,Dusk,No,,,,,,,,,,,,None,0
10,5,R1_1,Male,167,5,Dusk,No,,,,,,,,,,,,None,0
10,6,R1_1,Male,168,95,Dusk,No,15:00,Dusk,neo,,,,,,,,,Day,1
10,7,R1_5,Male,169,5,Dusk,Yes,,,,,,,,,,tryoni,,Dusk,2
10,8,R1_5,Male,170,5,Dusk,Yes,,,,,,,,,,,,Dusk,1
10,9,R1_5,Male,171,25+,Dusk,Yes,,,,,,,,,,,,Dusk,1
10,10,R1_5,Male,172,75,Dusk,No,13:30,13:45,neo,,,,,,,,,Day,1
10,11,R1_5,Male,173,5,Dusk,No,,,,,,,,,,,,None,0
10,12,R1_5,Male,174,50,Dusk,Yes,,,,,,,,,,,,Dusk,1
10,13,R2,Male,175,5,Dusk,No,,,,,,,,,,,,None,0
10,14,R2,Male,176,95,Dusk,Yes,,,,,,,,,,neo,,Dusk,2
10,15,R2,Male,177,95,Dusk,No,,,,,,,,,,,,None,0
10,16,R2,Male,178,75+,Dusk,Yes,,,,,,,,,,,,Dusk,1
10,17,R2,Male,179,95,Dusk,No,,,,,,,,,,,,None,0
10,18,R2,Male,180,0,Dusk,Yes,,,,,,,,,,,,Dusk,1
12,1,R1_1,Male,199,75+,Dusk,Yes,,,,,,,,,,,,Dusk,1
12,2,R1_1,Male,200,95,Dusk,No,,,,,,,,,,,,None,0
12,3,R1_1,Male,201,95,Dusk,No,15:00,15:45,neo,,,,,,,tryoni,,Both,2
12,4,R1_1,Male,202,95,Dusk,No,,,,,,,,,,,,None,0
12,5,R1_1,Male,203,95,Dusk,Yes,Call,15:45,,,,,,,,,,Dusk,1
12,6,R1_1,Male,204,5,Dusk,No,,,,,,,,,,,,None,0
12,7,R1_5,Male,205,25+,Dusk,No,13:30,13:45,neo,13:45,14:15,neo,,,,,,Day,2
12,8,R1_5,Male,206,25+,Dusk,No,,,,,,,,,,,DISCARD,None,0
12,9,R1_5,Male,207,25,Dusk,No,,,,,,,,,,,tryoni,None,0
12,10,R1_5,Male,208,50,Dusk,No,15:15,15:30,neo,,,,,,,,,Day,1
12,11,R1_5,Male,209,75,Dusk,No,,,,,,,,,,,,None,0
12,12,R1_5,Male,210,25+,Dusk,Yes,,,,,,,,,,,,Dusk,1
12,13,R2,Male,211,75+,Dusk,Yes,,,,,,,,,,tryoni,,Dusk,2
12,14,R2,Male,212,95,Dusk,No,,,,,,,,,,tryoni,,Dusk,1
12,15,R2,Male,213,25,Dusk,No,,,,,,,,,,,,None,0
12,16,R2,Male,214,95,Dusk,Yes,,,,,,,,,,,,Dusk,1
12,17,R2,Male,215,75+,Dusk,No,16:15,Dusk,tryoni,,,,,,,tryoni,,Dusk,2
12,18,R2,Male,216,95,Dusk,Yes,,,,,,,,,,tryoni,,Dusk,2
14,1,R1_1,Male,235,95,Dusk,No,,,,,,,,,,,,None,0
14,2,R1_1,Male,236,0,Dusk,Yes,15:00,15:30,neo,,,,,,,,,Both,2
14,3,R1_1,Male,237,75+,Dusk,Yes,,,,,,,,,,,,Dusk,1
14,4,R1_1,Male,238,95,Dusk,Yes,,,,,,,,,,tryoni,,Dusk,2
14,5,R1_1,Male,239,95,Dusk,No,,,,,,,,,,,,None,0
14,6,R1_1,Male,240,5,Dusk,Yes,,,,,,,,,,,,Dusk,1
14,7,R1_5,Male,241,25,Dusk,No,,,,,,,,,,,,None,0
14,8,R1_5,Male,242,5,Dusk,No,,,,,,,,,,,,None,0
14,9,R1_5,Male,243,25+,Dusk,Yes,,,,,,,,,,,,Dusk,1
14,10,R1_5,Male,244,25,Dusk,No,,,,,,,,,,,,None,0
14,11,R1_5,Male,245,25-,Dusk,No,14:15,15:00,neo,,,,,,,,,Day,1
14,12,R1_5,Male,246,25-,Dusk,No,,,,,,,,,,,,None,0
14,13,R2,Male,247,50,Dusk,Yes,,,,,,,,,,,,Dusk,1
14,14,R2,Male,248,75+,Dusk,Yes,,,,,,,,,,tryoni,,Dusk,2
14,15,R2,Male,249,75+,Dusk,Yes,,,,,,,,,,tryoni,,Dusk,2
14,16,R2,Male,250,75,Dusk,No,,,,,,,,,,,,None,0
14,17,R2,Male,251,75+,Dusk,No,16:30,Dusk,tryoni,,,,,,,tryoni,,Dusk,2
14,18,R2,Male,252,25-,Dusk,No,,,,,,,,,,tryoni,,Dusk,1
16,1,R1_1,Male,271,95,Dusk,Yes,15:00,15:30,tryoni,,,,,,,,,Both,2
16,2,R1_1,Male,272,95,Dusk,No,,,,,,,,,,tryoni,,Dusk,1
16,3,R1_1,Male,273,95,Dusk,No,,,,,,,,,,tryoni,,Dusk,1
16,4,R1_1,Male,274,5,Dusk,No,,,,,,,,,,,,None,0
16,5,R1_1,Male,275,95,Dusk,Yes,,,,,,,,,,tryoni,,Dusk,2
16,6,R1_1,Male,276,95,Dusk,Yes,,,,,,,,,,,,Dusk,1
16,7,R1_5,Male,277,25-,Dusk,No,Call,15:00,,,,,,,,,,None,0
16,8,R1_5,Male,278,5,Dusk,Yes,Call,15:00,,,,,,,,tryoni,,Dusk,2
16,9,R1_5,Male,279,75,Dusk,No,,,,,,,,,,,,None,0
16,10,R1_5,Male,280,25-,Dusk,No,13:30,13:45,neo,,,,,,,tryoni,,Both,2
16,11,R1_5,Male,281,25,Dusk,No,,,,,,,,,,,,None,0
16,12,R1_5,Male,282,75,Dusk,Yes,,,,,,,,,,,,Dusk,1
16,13,R2,Male,283,75,Dusk,Yes,,,,,,,,,,,XX,Dusk,1
16,14,R2,Male,284,95,Dusk,No,,,,,,,,,,,,None,0
16,15,R2,Male,285,95,Dusk,Yes,,,,,,,,,,tryoni,,Dusk,2
16,16,R2,Male,286,95,Dusk,Yes,,,,,,,,,,tryoni,,Dusk,2
16,17,R2,Male,287,75+,Dusk,Yes,15:00,16:00,tryoni,16:30,Dusk,tryoni,,,,tryoni,,Both,4
16,18,R2,Male,288,95,Dusk,No,,,,,,,,,,,,None,0
18,1,R1_1,Male,307,75+,Dusk,Yes,,,,,,,,,,tryoni,,Dusk,2
18,2,R1_1,Male,308,95,Dusk,Yes,,,,,,,,,,,,Dusk,1
18,3,R1_1,Male,309,75+,Dusk,No,,,,,,,,,,tryoni,,Dusk,1
18,4,R1_1,Male,310,75+,Dusk,No,,,,,,,,,,,,None,0
18,5,R1_1,Male,311,75+,Dusk,No,,,,,,,,,,tryoni,,Dusk,1
18,6,R1_1,Male,312,95,Dusk,Yes,16:30,16:45,neo,,,,,,,tryoni,,Dusk,3
18,7,R1_5,Male,313,50,Dusk,No,,,,,,,,,,,,None,0
18,8,R1_5,Male,314,50,Dusk,No,,,,,,,,,,,,None,0
18,9,R1_5,Male,315,50,Dusk,No,15:00,15:15,neo,16:00,16:15,neo,,,,,,Day,2
18,10,R1_5,Male,316,50,Dusk,No,,,,,,,,,,,,None,0
18,11,R1_5,Male,317,25-,Dusk,No,,,,,,,,,,tryoni,,Dusk,1
18,12,R1_5,Male,318,5,Dusk,No,14:45,15:00,neo,16:15,16:30,neo,,,,,,Day,2
18,13,R2,Male,319,25,Dusk,Yes,16:15,Dusk,tryoni,,,,,,,tryoni,,Dusk,3
18,14,R2,Male,320,95,Dusk,No,15:45,16:00,neo,,,,,,,tryoni,,Both,2
18,15,R2,Male,321,5,Dusk,No,,,,,,,,,,tryoni,,Dusk,1
18,16,R2,Male,322,75+,Dusk,No,,,,,,,,,,,,None,0
18,17,R2,Male,323,95,Dusk,Yes,,,,,,,,,,,,Dusk,1
18,18,R2,Male,324,95,Dusk,No,,,,,,,,,,,,None,0
20,1,R1_1,Male,343,95,Dusk,No,,,,,,,,,,,,None,0
20,2,R1_1,Male,344,95,Dusk,No,,,,,,,,,,,,None,0
20,3,R1_1,Male,345,75+,Dusk,Yes,15:45,16:00,neo,,,,,,,tryoni,,Both,3
20,4,R1_1,Male,346,95,Dusk,No,,,,,,,,,,,,None,0
20,5,R1_1,Male,347,95,Dusk,Yes,Call,15:00,,15:15,16:00,tryoni,,,,,,Both,2
20,6,R1_1,Male,348,95,Dusk,Yes,,,,,,,,,,,,Dusk,1
20,7,R1_5,Male,349,5,Dusk,No,,,,,,,,,,,,None,0
20,8,R1_5,Male,350,25-,Dusk,No,,,,,,,,,,,,None,0
20,9,R1_5,Male,351,50,Dusk,No,14:15,15:00,neo,,,,,,,,,Day,1
20,10,R1_5,Male,352,25-,Dusk,No,15:00,15:30,neo,,,,,,,,,Day,1
20,11,R1_5,Male,353,25,Dusk,No,,,,,,,,,,,,None,0
20,12,R1_5,Male,354,50,Dusk,Yes,,,,,,,,,,,,Dusk,1
20,13,R2,Male,355,5,Dusk,No,,,,,,,,,,tryoni,,Dusk,1
20,14,R2,Male,356,95,Dusk,Yes,,,,,,,,,,,,Dusk,1
20,15,R2,Male,357,95,Dusk,No,,,,,,,,,,,,None,0
20,16,R2,Male,358,95,Dusk,Yes,,,,,,,,,,,,Dusk,1
20,17,R2,Male,359,95,Dusk,No,,,,,,,,,,,,None,0
20,18,R2,Male,360,95,Dusk,No,,,,,,,,,,,,None,0
Control,Control1,neoC,Male,,,Dusk,No,,,,,,,,,,,,None,0
Control,Control1,S06,Male,,,Dusk,No,,,,,,,,,,tryoni,,Dusk,1
Control,Control10,neoC,Male,,,Dusk,No,8:15,,neo,,,,,,,,,Day,1
Control,Control10,S06,Male,,,Dusk,No,,,,,,,,,,,,None,0
Control,Control11,neoC,Male,,,Dusk,No,,,,,,,,,,,,None,0
Control,Control11,S06,Male,,,Dusk,No,,,,,,,,,,,,None,0
Control,Control12,neoC,Male,,,Dusk,No,7:45,,neo,,,,,,,,,Day,1
Control,Control12,S06,Male,,,Dusk,Yes,,,,,,,,,,,,Dusk,1
Control,Control13,neoC,Male,,,Dusk,No,,,,,,,,,,,,None,0
Control,Control13,S06,Male,,,Dusk,No,,,,,,,,,,tryoni,,Dusk,1
Control,Control14,neoC,Male,,,Dusk,No,7:30,,neo,,,,,,,,,Day,1
Control,Control14,S06,Male,,,Dusk,No,,,,,,,,,,tryoni,,Dusk,1
Control,Control15,neoC,Male,,,Dusk,No,7:00,,neo,,,,,,,,,Day,1
Control,Control15,S06,Male,,,Dusk,No,16:45,17:00,neo,,,,,,,tryoni,,Dusk,2
Control,Control2,neoC,Male,,,Dusk,No,,,,,,,,,,,,None,0
Control,Control2,S06,Male,,,Dusk,No,,,,,,,,,,tryoni,,Dusk,1
Control,Control3,neoC,Male,,,Dusk,No,,,,,,,,,,,,None,0
Control,Control3,S06,Male,,,Dusk,Yes,,,,,,,,,,tryoni,,Dusk,2
Control,Control4,neoC,Male,,,Dusk,No,,,,,,,,,,,,None,0
Control,Control4,S06,Male,,,Dusk,No,,,,,,,,,,,,None,0
Control,Control5,neoC,Male,,,Dusk,No,,,,,,,,,,,,None,0
Control,Control5,S06,Male,,,Dusk,Yes,,,,,,,,,,,,Dusk,1
Control,Control6,neoC,Male,,,Dusk,No,,,,,,,,,,,,None,0
Control,Control6,S06,Male,,,Dusk,No,,,,,,,,,,neo,,Dusk,1
Control,Control7,neoC,Male,,,Dusk,No,,,,,,,,,,,,None,0
Control,Control7,S06,Male,,,Dusk,Yes,,,,,,,,,,,,Dusk,1
Control,Control8,neoC,Male,,,Dusk,No,,,,,,,,,,,,None,0
Control,Control8,S06,Male,,,Dusk,Yes,,,,,,,,,,tryoni,,Dusk,2
Control,Control9,neoC,Male,,,Dusk,No,,,,,,,,,,,,None,0
Control,Control9,S06,Male,,,Dusk,No,,,,,,,,,,tryoni,,Dusk,1
1,1,R1_1,Female,361,95,DAY,NA,,,,,,,,,,tryoni,,Dusk,1
1,2,R1_1,Female,362,75,DAY,NA,,,,,,,,,,tryoni,,Dusk,1
1,3,R1_1,Female,363,95,DAY,NA,,,,,,,,,,,,None,0
1,4,R1_1,Female,364,,DAY,NA,,,,,,,,,,tryoni,,Dusk,1
1,5,R1_1,Female,365,75+,DAY,NA,,,,,,,,,,tryoni,,Dusk,1
1,6,R1_1,Female,366,5,DAY,NA,,,,,,,,,,,tryoni,None,0
1,7,R1_5,Female,367,95,DAY,NA,,,,,,,,,,,neo,None,0
1,8,R1_5,Female,368,95,DAY,NA,,,,,,,,,,tryoni,tryoni,Dusk,1
1,9,R1_5,Female,369,95,DAY,NA,,,,,,,,,,tryoni,,Dusk,1
1,10,R1_5,Female,370,95,DAY,NA,,,,,,,,,,,,None,0
1,11,R1_5,Female,371,75+,DAY,NA,,,,,,,,,,tryoni,,Dusk,1
1,12,R1_5,Female,372,,DAY,NA,,,,,,,,,,tryoni,DISCARD,Dusk,1
1,13,R2,Female,373,5,DAY,NA,,,,,,,,,,tryoni,,Dusk,1
1,14,R2,Female,374,25+,DAY,NA,,,,,,,,,,tryoni,,Dusk,1
1,15,R2,Female,375,25,DAY,NA,,,,,,,,,,tryoni,,Dusk,1
1,16,R2,Female,376,5,DAY,NA,,,,,,,,,,tryoni,,Dusk,1
1,17,R2,Female,377,0,DAY,NA,,,,,,,,,,tryoni,,Dusk,1
1,18,R2,Female,378,5,DAY,NA,,,,,,,,,,,tryoni,None,0
3,1,R1_1,Female,397,100,DAY,NA,,,,,,,,,,tryoni,,Dusk,1
3,2,R1_1,Female,398,95,DAY,NA,,,,,,,,,,,,None,0
3,3,R1_1,Female,399,5,DAY,NA,,,,,,,,,,,,None,0
3,4,R1_1,Female,400,75+,DAY,NA,,,,,,,,,,,,None,0
3,5,R1_1,Female,401,95,DAY,NA,,,,,,,,,,tryoni,,Dusk,1
3,6,R1_1,Female,402,95,DAY,NA,,,,,,,,,,,,None,0
3,7,R1_5,Female,403,25,DAY,NA,,,,,,,,,,tryoni,,Dusk,1
3,8,R1_5,Female,404,75,DAY,NA,,,,,,,,,,tryoni,,Dusk,1
3,9,R1_5,Female,405,50,DAY,NA,,,,,,,,,,tryoni,,Dusk,1
3,10,R1_5,Female,406,0,DAY,NA,,,,,,,,,,tryoni,,Dusk,1
3,11,R1_5,Female,407,25-,DAY,NA,,,,,,,,,,tryoni,,Dusk,1
3,12,R1_5,Female,408,75,DAY,NA,,,,,,,,,,tryoni,,Dusk,1
3,13,R2,Female,409,95,DAY,NA,,,,,,,,,,tryoni,,Dusk,1
3,14,R2,Female,410,95,DAY,NA,,,,,,,,,,tryoni,,Dusk,1
3,15,R2,Female,411,0,DAY,NA,,,,,,,,,,tryoni,,Dusk,1
3,16,R2,Female,412,75+,DAY,NA,,,,,,,,,,tryoni,,Dusk,1
3,17,R2,Female,413,95,DAY,NA,,,,,,,,,,tryoni,,Dusk,1
3,18,R2,Female,414,95,DAY,NA,,,,,,,,,,tryoni,,Dusk,1
5,1,R1_1,Female,433,95,DAY,NA,16:30,Dusk,tryoni,,,,,,,tryoni,,Dusk,2
5,2,R1_1,Female,434,100,DAY,NA,,,,,,,,,,tryoni,,Dusk,1
5,3,R1_1,Female,435,95,DAY,NA,16:30,Dusk,tryoni,,,,,,,tryoni,,Dusk,2
5,4,R1_1,Female,436,95,DAY,NA,,,,,,,,,,tryoni,,Dusk,1
5,5,R1_1,Female,437,95,DAY,NA,,,,,,,,,,tryoni,,Dusk,1
5,6,R1_1,Female,438,95,DAY,NA,,,,,,,,,,tryoni,,Dusk,1
5,7,R1_5,Female,439,0,DAY,NA,,,,,,,,,,,,None,0
5,8,R1_5,Female,440,5,DAY,NA,,,,,,,,,,tryoni,,Dusk,1
5,9,R1_5,Female,441,25,DAY,NA,10:15,11:00,neo,,,,,,,tryoni,,Both,2
5,10,R1_5,Female,442,25+,DAY,NA,,,,,,,,,,tryoni,,Dusk,1
5,11,R1_5,Female,443,50,DAY,NA,,,,,,,,,,tryoni,,Dusk,1
5,12,R1_5,Female,444,25-,DAY,NA,,,,,,,,,,,,None,0
5,13,R2,Female,445,75+,DAY,NA,,,,,,,,,,tryoni,,Dusk,1
5,14,R2,Female,446,75+,DAY,NA,,,,,,,,,,tryoni,,Dusk,1
5,15,R2,Female,447,95,DAY,NA,,,,,,,,,,,,None,0
5,16,R2,Female,448,75+,DAY,NA,,,,,,,,,,,,None,0
5,17,R2,Female,449,95,DAY,NA,,,,,,,,,,tryoni,,Dusk,1
5,18,R2,Female,450,75+,DAY,NA,,,,,,,,,,tryoni,,Dusk,1
7,1,R1_1,Female,469,75+,DAY,NA,13:30,15:00,neo,,,,,,,,,Day,1
7,2,R1_1,Female,470,25-,DAY,NA,12:45,14:15,neo,,,,,,,tryoni,,Both,2
7,3,R1_1,Female,471,0,DAY,NA,,,,,,,,,,tryoni,,Dusk,1
7,4,R1_1,Female,472,95,DAY,NA,,,,,,,,,,,,None,0
7,5,R1_1,Female,473,95,DAY,NA,,,,,,,,,,,,None,0
7,6,R1_1,Female,474,0,DAY,NA,,,,,,,,,,,,None,0
7,7,R1_5,Female,475,25-,DAY,NA,,,,,,,,,,tryoni,,Dusk,1
7,8,R1_5,Female,476,25-,DAY,NA,,,,,,,,,,,,None,0
7,9,R1_5,Female,477,25-,DAY,NA,12:15,12:45,neo,,,,,,,,,Day,1
7,10,R1_5,Female,478,5,DAY,NA,,,,,,,,,,tryoni,,Dusk,1
7,11,R1_5,Female,479,5,DAY,NA,,,,,,,,,,,,None,0
7,12,R1_5,Female,480,5,DAY,NA,,,,,,,,,,,,None,0
7,13,R2,Female,481,95,DAY,NA,,,,,,,,,,tryoni,,Dusk,1
7,14,R2,Female,482,,DAY,NA,,,,,,,,,,,DISCARD,None,0
7,15,R2,Female,483,95,DAY,NA,,,,,,,,,,tryoni,,Dusk,1
7,16,R2,Female,484,95,DAY,NA,,,,,,,,,,tryoni,,Dusk,1
7,17,R2,Female,485,75+,DAY,NA,,,,,,,,,,tryoni,,Dusk,1
7,18,R2,Female,486,75,DAY,NA,,,,,,,,,,,,None,0
9,1,R1_1,Female,505,95,DAY,NA,,,,,,,,,,tryoni,tryoni,Dusk,1
9,2,R1_1,Female,506,100,DAY,NA,9:15,9:30,neo,,,,,,,neo,,Both,2
9,3,R1_1,Female,507,95,DAY,NA,,,,,,,,,,,,None,0
9,4,R1_1,Female,508,100,DAY,NA,,,,,,,,,,,,None,0
9,5,R1_1,Female,509,75+,DAY,NA,,,,,,,,,,tryoni,,Dusk,1
9,6,R1_1,Female,510,95,DAY,NA,,,,,,,,,,,,None,0
9,7,R1_5,Female,511,5,DAY,NA,,,,,,,,,,tryoni,tryoni,Dusk,1
9,8,R1_5,Female,512,75,DAY,NA,,,,,,,,,,,,None,0
9,9,R1_5,Female,513,5,DAY,NA,16:30,Dusk,tryoni,,,,,,,tryoni,tryoni,Dusk,2
9,10,R1_5,Female,514,25-,DAY,NA,,,,,,,,,,tryoni,,Dusk,1
9,11,R1_5,Female,515,0,DAY,NA,16:30,Dusk,tryoni,,,,,,,tryoni,,Dusk,2
9,12,R1_5,Female,516,5,DAY,NA,16:30,Dusk,tryoni,,,,,,,tryoni,,Dusk,2
9,13,R2,Female,517,95,DAY,NA,,,,,,,,,,,,None,0
9,14,R2,Female,518,75+,DAY,NA,,,,,,,,,,tryoni,,Dusk,1
9,15,R2,Female,519,95,DAY,NA,,,,,,,,,,tryoni,,Dusk,1
9,16,R2,Female,520,50,DAY,NA,,,,,,,,,,,,None,0
9,17,R2,Female,521,95,DAY,NA,,,,,,,,,,,,None,0
9,18,R2,Female,522,95,DAY,NA,,,,,,,,,,,,None,0
11,1,R1_1,Female,541,95,DAY,NA,,,,,,,,,,tryoni,,Dusk,1
11,2,R1_1,Female,542,75+,DAY,NA,,,,,,,,,,tryoni,,Dusk,1
11,3,R1_1,Female,543,5,DAY,NA,16:00,Dusk,tryoni,,,,,,,tryoni,,Dusk,2
11,4,R1_1,Female,544,75+,DAY,NA,,,,,,,,,,,,None,0
11,5,R1_1,Female,545,95,DAY,NA,,,,,,,,,,tryoni,,Dusk,1
11,6,R1_1,Female,546,75+,DAY,NA,,,,,,,,,,,,None,0
11,7,R1_5,Female,547,5,DAY,NA,,,,,,,,,,tryoni,,Dusk,1
11,8,R1_5,Female,548,25,DAY,NA,,,,,,,,,,tryoni,,Dusk,1
11,9,R1_5,Female,549,25,DAY,NA,,,,,,,,,,tryoni,,Dusk,1
11,10,R1_5,Female,550,50,DAY,NA,,,,,,,,,,tryoni,,Dusk,1
11,11,R1_5,Female,551,25,DAY,NA,,,,,,,,,,,,None,0
11,12,R1_5,Female,552,0,DAY,NA,16:30,Dusk,tryoni,,,,,,,tryoni,,Dusk,2
11,13,R2,Female,553,95,DAY,NA,,,,,,,,,,tryoni,,Dusk,1
11,14,R2,Female,554,75,DAY,NA,,,,,,,,,,tryoni,,Dusk,1
11,15,R2,Female,555,5,DAY,NA,,,,,,,,,,tryoni,,Dusk,1
11,16,R2,Female,556,95,DAY,NA,,,,,,,,,,tryoni,,Dusk,1
11,17,R2,Female,557,95,DAY,NA,,,,,,,,,,tryoni,,Dusk,1
11,18,R2,Female,558,95,DAY,NA,,,,,,,,,,tryoni,,Dusk,1
13,1,R1_1,Female,577,75+,DAY,NA,,,,,,,,,,tryoni,,Dusk,1
13,2,R1_1,Female,578,5,DAY,NA,,,,,,,,,,tryoni,,Dusk,1
13,3,R1_1,Female,579,5,DAY,NA,16:30,16:45,tryoni,,,,,,,,,None,1
13,4,R1_1,Female,580,25-,DAY,NA,,,,,,,,,,,,None,0
13,5,R1_1,Female,581,75+,DAY,NA,,,,,,,,,,tryoni,,Dusk,1
13,6,R1_1,Female,582,0,DAY,NA,,,,,,,,,,,,None,0
13,7,R1_5,Female,583,25,DAY,NA,,,,,,,,,,tryoni,,Dusk,1
13,8,R1_5,Female,584,0,DAY,NA,,,,,,,,,,,,None,0
13,9,R1_5,Female,585,5,DAY,NA,,,,,,,,,,tryoni,,Dusk,1
13,10,R1_5,Female,586,25-,DAY,NA,,,,,,,,,,,,None,0
13,11,R1_5,Female,587,5,DAY,NA,,,,,,,,,,tryoni,,Dusk,1
13,12,R1_5,Female,588,5,DAY,NA,,,,,,,,,,tryoni,,Dusk,1
13,13,R2,Female,589,0,DAY,NA,,,,,,,,,,tryoni,,Dusk,1
13,14,R2,Female,590,75+,DAY,NA,,,,,,,,,,tryoni,,Dusk,1
13,15,R2,Female,591,75+,DAY,NA,,,,,,,,,,tryoni,,Dusk,1
13,16,R2,Female,592,0,DAY,NA,,,,,,,,,,,,None,0
13,17,R2,Female,593,75,DAY,NA,,,,,,,,,,tryoni,,Dusk,1
13,18,R2,Female,594,95,DAY,NA,,,,,,,,,,,,None,0
15,1,R1_1,Female,613,0,DAY,NA,,,,,,,,,,tryoni,,Dusk,1
15,2,R1_1,Female,614,95,DAY,NA,,,,,,,,,,tryoni,,Dusk,1
15,3,R1_1,Female,615,95,DAY,NA,,,,,,,,,,tryoni,,Dusk,1
15,4,R1_1,Female,616,95,DAY,NA,9:45,11:00,neo,,,,,,,,,Day,1
15,5,R1_1,Female,617,95,DAY,NA,10:15,11:00,neo,,,,,,,tryoni,,Both,2
15,6,R1_1,Female,618,0,DAY,NA,,,,,,,,,,tryoni,,Dusk,1
15,7,R1_5,Female,619,25,DAY,NA,10:15,11:00,neo,,,,,,,tryoni,,Both,2
15,8,R1_5,Female,620,5,DAY,NA,,,,,,,,,,,,None,0
15,9,R1_5,Female,621,5,DAY,NA,,,,,,,,,,,,None,0
15,10,R1_5,Female,622,5,DAY,NA,,,,,,,,,,tryoni,,Dusk,1
15,11,R1_5,Female,623,25,DAY,NA,,,,,,,,,,tryoni,,Dusk,1
15,12,R1_5,Female,624,25,DAY,NA,16:30,Dusk,neo,,,,,,,neo,,Dusk,2
15,13,R2,Female,625,95,DAY,NA,,,,,,,,,,tryoni,,Dusk,1
15,14,R2,Female,626,95,DAY,NA,,,,,,,,,,tryoni,,Dusk,1
15,15,R2,Female,627,95,DAY,NA,,,,,,,,,,,,None,0
15,16,R2,Female,628,75+,DAY,NA,,,,,,,,,,,,None,0
15,17,R2,Female,629,75+,DAY,NA,,,,,,,,,,tryoni,,Dusk,1
15,18,R2,Female,630,75+,DAY,NA,,,,,,,,,,,,None,0
17,1,R1_1,Female,649,95,DAY,NA,,,,,,,,,,tryoni,,Dusk,1
17,2,R1_1,Female,650,0,DAY,NA,,,,,,,,,,tryoni,,Dusk,1
17,3,R1_1,Female,651,95,DAY,NA,,,,,,,,,,tryoni,,Dusk,1
17,4,R1_1,Female,652,5,DAY,NA,,,,,,,,,,,,None,0
17,5,R1_1,Female,653,75+,DAY,NA,,,,,,,,,,tryoni,,Dusk,1
17,6,R1_1,Female,654,0,DAY,NA,,,,,,,,,,tryoni,,Dusk,1
17,7,R1_5,Female,655,25,DAY,NA,,,,,,,,,,tryoni,,Dusk,1
17,8,R1_5,Female,656,25,DAY,NA,,,,,,,,,,,,None,0
17,9,R1_5,Female,657,0,DAY,NA,,,,,,,,,,,,None,0
17,10,R1_5,Female,658,75+,DAY,NA,,,,,,,,,,tryoni,,Dusk,1
17,11,R1_5,Female,659,5,DAY,NA,,,,,,,,,,tryoni,,Dusk,1
17,12,R1_5,Female,660,50,DAY,NA,,,,,,,,,,,,None,0
17,13,R2,Female,661,95,DAY,NA,,,,,,,,,,tryoni,,Dusk,1
17,14,R2,Female,662,75,DAY,NA,,,,,,,,,,tryoni,,Dusk,1
17,15,R2,Female,663,95,DAY,NA,,,,,,,,,,tryoni,,Dusk,1
17,16,R2,Female,664,95,DAY,NA,,,,,,,,,,tryoni,,Dusk,1
17,17,R2,Female,665,75+,DAY,NA,,,,,,,,,,tryoni,,Dusk,1
17,18,R2,Female,666,95,DAY,NA,,,,,,,,,,tryoni,,Dusk,1
19,1,R1_1,Female,685,0,DAY,NA,,,,,,,,,,,,None,0
19,2,R1_1,Female,686,100,DAY,NA,,,,,,,,,,tryoni,,Dusk,1
19,3,R1_1,Female,687,95,DAY,NA,,,,,,,,,,tryoni,,Dusk,1
19,4,R1_1,Female,688,95,DAY,NA,10:00,10:30,neo,,,,,,,tryoni,,Both,2
19,5,R1_1,Female,689,95,DAY,NA,,,,,,,,,,tryoni,,Dusk,1
19,6,R1_1,Female,690,95,DAY,NA,,,,,,,,,,neo,,Dusk,1
19,7,R1_5,Female,691,25+,DAY,NA,,,,,,,,,,tryoni,,Dusk,1
19,8,R1_5,Female,692,25,DAY,NA,,,,,,,,,,,,None,0
19,9,R1_5,Female,693,5,DAY,NA,,,,,,,,,,,,None,0
19,10,R1_5,Female,694,5,DAY,NA,,,,,,,,,,,,None,0
19,11,R1_5,Female,695,0,DAY,NA,,,,,,,,,,tryoni,,Dusk,1
19,12,R1_5,Female,696,5,DAY,NA,,,,,,,,,,tryoni,,Dusk,1
19,13,R2,Female,697,95,DAY,NA,,,,,,,,,,tryoni,,Dusk,1
19,14,R2,Female,698,50,DAY,NA,,,,,,,,,,,,None,0
19,15,R2,Female,699,95,DAY,NA,,,,,,,,,,tryoni,,Dusk,1
19,16,R2,Female,700,75,DAY,NA,,,,,,,,,,,,None,0
19,17,R2,Female,701,75+,DAY,NA,10:30,12:45,neo,,,,,,,tryoni,,Both,2
19,18,R2,Female,702,95,DAY,NA,,,,,,,,,,tryoni,,Dusk,1
Control,Control1,neoC,Female,,,DAY,NA,,,,,,,,,,,,None,0
Control,Control1,S06,Female,,,DAY,NA,,,,,,,,,,tryoni,,Dusk,1
Control,Control10,neoC,Female,,,DAY,NA,,,,,,,,,,,,None,0
Control,Control10,S06,Female,,,DAY,NA,,,,,,,,,,tryoni,,Dusk,1
Control,Control11,neoC,Female,,,DAY,NA,11:00,11:10,neo,,,,,,,,,Day,1
Control,Control11,S06,Female,,,DAY,NA,,,,,,,,,,,,None,0
Control,Control12,neoC,Female,,,DAY,NA,,,,,,,,,,,,None,0
Control,Control12,S06,Female,,,DAY,NA,,,,,,,,,,,,None,0
Control,Control13,neoC,Female,,,DAY,NA,,,,,,,,,,,,None,0
Control,Control13,S06,Female,,,DAY,NA,,,,,,,,,,tryoni,,Dusk,1
Control,Control14,neoC,Female,,,DAY,NA,9:30,9:45,neo,,,,,,,,,Day,1
Control,Control14,S06,Female,,,DAY,NA,,,,,,,,,,,,None,0
Control,Control15,neoC,Female,,,DAY,NA,,,,,,,,,,,,None,0
Control,Control15,S06,Female,,,DAY,NA,,,,,,,,,,,,None,0
Control,Control2,neoC,Female,,,DAY,NA,,,,,,,,,,,,None,0
Control,Control2,S06,Female,,,DAY,NA,,,,,,,,,,tryoni,,Dusk,1
Control,Control3,neoC,Female,,,DAY,NA,,,,,,,,,,,,None,0
Control,Control3,S06,Female,,,DAY,NA,,,,,,,,,,tryoni,,Dusk,1
Control,Control4,neoC,Female,,,DAY,NA,10:00,10:10,neo,,,,,,,,,Day,1
Control,Control4,S06,Female,,,DAY,NA,,,,,,,,,,,,None,0
Control,Control5,neoC,Female,,,DAY,NA,9:30,9:45,neo,,,,,,,,,Day,1
Control,Control5,S06,Female,,,DAY,NA,,,,,,,,,,,,None,0
Control,Control6,neoC,Female,,,DAY,NA,,,,,,,,,,,,None,0
Control,Control6,S06,Female,,,DAY,NA,,,,,,,,,,,,None,0
Control,Control7,neoC,Female,,,DAY,NA,,,,,,,,,,,,None,0
Control,Control7,S06,Female,,,DAY,NA,,,,,,,,,,tryoni,,Dusk,1
Control,Control8,neoC,Female,,,DAY,NA,,,,,,,,,,,,None,0
Control,Control8,S06,Female,,,DAY,NA,,,,,,,,,,tryoni,,Dusk,1
Control,Control9,neoC,Female,,,DAY,NA,,,,,,,,,,,,None,0
Control,Control9,S06,Female,,,DAY,NA,,,,,,,,,,tryoni,,Dusk,1
2,1,R1_1,Male,379,50,DAY,NA,14:30,15:30,neo,,,,,,,,,Day,1
2,2,R1_1,Male,380,95,DAY,NA,,,,,,,,,,tryoni,,Dusk,1
2,3,R1_1,Male,381,95,DAY,NA,,,,,,,,,,tryoni,,Dusk,1
2,4,R1_1,Male,382,95,DAY,NA,16:30,Dusk,tryoni,,,,,,,tryoni,,Dusk,2
2,5,R1_1,Male,383,75+_,DAY,NA,,,,,,,,,,,,None,0
2,6,R1_1,Male,384,75+,DAY,NA,16:00,16:15,neo,,,,,,,tryoni,,Dusk,2
2,7,R1_5,Male,385,50,DAY,NA,,,,,,,,,,tryoni,,Dusk,1
2,8,R1_5,Male,386,75,DAY,NA,14:30,14:45,neo,,,,,,,,,Day,1
2,9,R1_5,Male,387,50,DAY,NA,,,,,,,,,,tryoni,,Dusk,1
2,10,R1_5,Male,388,25+,DAY,NA,,,,,,,,,,,,None,0
2,11,R1_5,Male,389,50,DAY,NA,,,,,,,,,,,,None,0
2,12,R1_5,Male,390,5,DAY,NA,13:15,13:45,neo,,,,,,,,,Day,1
2,13,R2,Male,391,75+,DAY,NA,,,,,,,,,,tryoni,,Dusk,1
2,14,R2,Male,392,95,DAY,NA,,,,,,,,,,,,None,0
2,15,R2,Male,393,75+,DAY,NA,,,,,,,,,,tryoni,,Dusk,1
2,16,R2,Male,394,95,DAY,NA,,,,,,,,,,tryoni,,Dusk,1
2,17,R2,Male,395,75,DAY,NA,,,,,,,,,,,,None,0
2,18,R2,Male,396,75+,DAY,NA,,,,,,,,,,tryoni,,Dusk,1
4,1,R1_1,Male,415,95,DAY,NA,16:30,Dusk,neo,,,,,,,neo,,Dusk,2
4,2,R1_1,Male,416,100,DAY,NA,,,,,,,,,,tryoni,,Dusk,1
4,3,R1_1,Male,417,95,DAY,NA,,,,,,,,,,tryoni,,Dusk,1
4,4,R1_1,Male,418,95,DAY,NA,,,,,,,,,,,,None,0
4,5,R1_1,Male,419,95,DAY,NA,,,,,,,,,,tryoni,,Dusk,1
4,6,R1_1,Male,420,95,DAY,NA,,,,,,,,,,,,None,0
4,7,R1_5,Male,421,50,DAY,NA,,,,,,,,,,tryoni,,Dusk,1
4,8,R1_5,Male,422,25-,DAY,NA,,,,,,,,,,,,None,0
4,9,R1_5,Male,423,25,DAY,NA,,,,,,,,,,,,None,0
4,10,R1_5,Male,424,5,DAY,NA,,,,,,,,,,,,None,0
4,11,R1_5,Male,425,0,DAY,NA,15:15,15:45,neo,,,,,,,,,Day,1
4,12,R1_5,Male,426,75+,DAY,NA,,,,,,,,,,,,None,0
4,13,R2,Male,427,75+,DAY,NA,,,,,,,,,,,,None,0
4,14,R2,Male,428,95,DAY,NA,,,,,,,,,,,,None,0
4,15,R2,Male,429,75+,DAY,NA,16:30,Dusk,tryoni,,,,,,,tryoni,,Dusk,2
4,16,R2,Male,430,95,DAY,NA,,,,,,,,,,,,None,0
4,17,R2,Male,431,95,DAY,NA,,,,,,,,,,tryoni,,Dusk,1
4,18,R2,Male,432,95,DAY,NA,,,,,,,,,,tryoni,,Dusk,1
6,1,R1_1,Male,451,75+,DAY,NA,,,,,,,,,,,,None,0
6,2,R1_1,Male,452,5,DAY,NA,15:00,15:15,neo,,,,,,,tryoni,,Both,2
6,3,R1_1,Male,453,95,DAY,NA,,,,,,,,,,tryoni,,Dusk,1
6,4,R1_1,Male,454,95,DAY,NA,,,,,,,,,,,,None,0
6,5,R1_1,Male,455,95,DAY,NA,16:30,Dusk,neo,,,,,,,neo,,Dusk,2
6,6,R1_1,Male,456,75,DAY,NA,,,,,,,,,,tryoni,,Dusk,1
6,7,R1_5,Male,457,0,DAY,NA,15:45,16:00,neo,,,,,,,,,Day,1
6,8,R1_5,Male,458,5,DAY,NA,,,,,,,,,,,,None,0
6,9,R1_5,Male,459,75,DAY,NA,13:15,14:30,neo,,,,,,,,,Day,1
6,10,R1_5,Male,460,50,DAY,NA,15:45,16:00,neo,,,,,,,,,Day,1
6,11,R1_5,Male,461,0,DAY,NA,16:30,Dusk,tryoni,,,,,,,tryoni,,Dusk,2
6,12,R1_5,Male,462,25-,DAY,NA,15:30,15:45,neo,,,,,,,,,Day,1
6,13,R2,Male,463,75,DAY,NA,,,,,,,,,,tryoni,,Dusk,1
6,14,R2,Male,464,100,DAY,NA,,,,,,,,,,,,None,0
6,15,R2,Male,465,95,DAY,NA,,,,,,,,,,tryoni,,Dusk,1
6,16,R2,Male,466,75+,DAY,NA,,,,,,,,,,,,None,0
6,17,R2,Male,467,95,DAY,NA,,,,,,,,,,tryoni,,Dusk,1
6,18,R2,Male,468,100,DAY,NA,,,,,,,,,,,,None,0
8,1,R1_1,Male,487,95,DAY,NA,,,,,,,,,,,XX,None,0
8,2,R1_1,Male,488,95,DAY,NA,16:00,16:15,neo,,,,,,,neo,,Dusk,2
8,3,R1_1,Male,489,95,DAY,NA,,,,,,,,,,,,None,0
8,4,R1_1,Male,490,95,DAY,NA,,,,,,,,,,,,None,0
8,5,R1_1,Male,491,95,DAY,NA,,,,,,,,,,,,None,0
8,6,R1_1,Male,492,75+,DAY,NA,,,,,,,,,,,,None,0
8,7,R1_5,Male,493,5,DAY,NA,15:45,16:00,neo,,,,,,,,,Day,1
8,8,R1_5,Male,494,75,DAY,NA,,,,,,,,,,,,None,0
8,9,R1_5,Male,495,75,DAY,NA,,,,,,,,,,,,None,0
8,10,R1_5,Male,496,75,DAY,NA,15:45,16:00,neo,,,,,,,,,Day,1
8,11,R1_5,Male,497,75+,DAY,NA,14:15,14:45,neo,,,,,,,,,Day,1
8,12,R1_5,Male,498,50,DAY,NA,,,,,,,,,,,,None,0
8,13,R2,Male,499,5,DAY,NA,,,,,,,,,,,,None,0
8,14,R2,Male,500,95,DAY,NA,,,,,,,,,,,,None,0
8,15,R2,Male,501,95,DAY,NA,,,,,,,,,,neo,,Dusk,1
8,16,R2,Male,502,95,DAY,NA,,,,,,,,,,,DISCARD,None,0
8,17,R2,Male,503,25-,DAY,NA,,,,,,,,,,,,None,0
8,18,R2,Male,504,95,DAY,NA,,,,,,,,,,,,None,0
10,1,R1_1,Male,523,95,DAY,NA,16:00,16:15,neo,,,,,,,,,None,1
10,2,R1_1,Male,524,95,DAY,NA,,,,,,,,,,tryoni,,Dusk,1
10,3,R1_1,Male,525,95,DAY,NA,16:30,Dusk,neo,,,,,,,neo,,Dusk,2
10,4,R1_1,Male,526,25-,DAY,NA,,,,,,,,,,tryoni,,Dusk,1
10,5,R1_1,Male,527,5,DAY,NA,16:15,16:30,tryoni,,,,,,,,,None,1
10,6,R1_1,Male,528,95,DAY,NA,,,,,,,,,,tryoni,,Dusk,1
10,7,R1_5,Male,529,75,DAY,NA,15:45,16:00,neo,,,,,,,,,Day,1
10,8,R1_5,Male,530,50,DAY,NA,16:30,Dusk,tryoni,,,,,,,tryoni,,Dusk,2
10,9,R1_5,Male,531,50,DAY,NA,,,,,,,,,,,,None,0
10,10,R1_5,Male,532,25,DAY,NA,,,,,,,,,,,,None,0
10,11,R1_5,Male,533,5,DAY,NA,16:15,16:30,tryoni,,,,,,,,,None,1
10,12,R1_5,Male,534,5,DAY,NA,16:00,16:15,tryoni,,,,,,,,,None,1
10,13,R2,Male,535,0,DAY,NA,14:15,14:45,neo,16:15,Dusk,tryoni,,,,tryoni,,Both,3
10,14,R2,Male,536,75+,DAY,NA,,,,,,,,,,,,None,0
10,15,R2,Male,537,95,DAY,NA,,,,,,,,,,,tryoni,None,0
10,16,R2,Male,538,75,DAY,NA,,,,,,,,,,,,None,0
10,17,R2,Male,539,75,DAY,NA,,,,,,,,,,,,None,0
10,18,R2,Male,540,95,DAY,NA,,,,,,,,,,,,None,0
12,1,R1_1,Male,559,95,DAY,NA,,,,,,,,,,tryoni,,Dusk,1
12,2,R1_1,Male,560,25-,DAY,NA,,,,,,,,,,tryoni,,Dusk,1
12,3,R1_1,Male,561,95,DAY,NA,16:15,Dusk,tryoni,,,,,,,tryoni,,Dusk,2
12,4,R1_1,Male,562,95,DAY,NA,,,,,,,,,,tryoni,,Dusk,1
12,5,R1_1,Male,563,0,DAY,NA,15:00,15:15,neo,,,,,,,,,Day,1
12,6,R1_1,Male,564,95,DAY,NA,,,,,,,,,,,,None,0
12,7,R1_5,Male,565,25-,DAY,NA,,,,,,,,,,neo,,Dusk,1
12,8,R1_5,Male,566,25,DAY,NA,12:30,12:45,neo,,,,,,,,,Day,1
12,9,R1_5,Male,567,25+,DAY,NA,15:00,15:45,neo,,,,,,,,,Day,1
12,10,R1_5,Male,568,5,DAY,NA,,,,,,,,,,,,None,0
12,11,R1_5,Male,569,50,DAY,NA,,,,,,,,,,,,None,0
12,12,R1_5,Male,570,50,DAY,NA,,,,,,,,,,,,None,0
12,13,R2,Male,571,95,DAY,NA,,,,,,,,,,tryoni,,Dusk,1
12,14,R2,Male,572,95,DAY,NA,,,,,,,,,,tryoni,,Dusk,1
12,15,R2,Male,573,75,DAY,NA,,,,,,,,,,tryoni,,Dusk,1
12,16,R2,Male,574,95,DAY,NA,,,,,,,,,,tryoni,,Dusk,1
12,17,R2,Male,575,75+,DAY,NA,,,,,,,,,,,,None,0
12,18,R2,Male,576,75,DAY,NA,,,,,,,,,,tryoni,,Dusk,1
14,1,R1_1,Male,595,95,DAY,NA,,,,,,,,,,,,None,0
14,2,R1_1,Male,596,95,DAY,NA,16:00,16:30,neo,,,,,,,,,None,1
14,3,R1_1,Male,597,95,DAY,NA,16:30,Dusk,tryoni,,,,,,,tryoni,,Dusk,2
14,4,R1_1,Male,598,100,DAY,NA,16:30,Dusk,neo,,,,,,,neo,,Dusk,2
14,5,R1_1,Male,599,75+,DAY,NA,16:30,16:45,neo,,,,,,,tryoni,,Dusk,2
14,6,R1_1,Male,600,75,DAY,NA,,,,,,,,,,tryoni,,Dusk,1
14,7,R1_5,Male,601,50,DAY,NA,,,,,,,,,,tryoni,,Dusk,1
14,8,R1_5,Male,602,25-,DAY,NA,,,,,,,,,,,,None,0
14,9,R1_5,Male,603,25-,DAY,NA,,,,,,,,,,,,None,0
14,10,R1_5,Male,604,25,DAY,NA,,,,,,,,,,,,None,0
14,11,R1_5,Male,605,25,DAY,NA,,,,,,,,,,tryoni,,Dusk,1
14,12,R1_5,Male,606,0,DAY,NA,15:00,15:15,neo,15:30,15:45,neo,16:15,16:30,neo,tryoni,,Both,4
14,13,R2,Male,607,75,DAY,NA,,,,,,,,,,tryoni,,Dusk,1
14,14,R2,Male,608,0,DAY,NA,,,,,,,,,,,,None,0
14,15,R2,Male,609,95,DAY,NA,,,,,,,,,,,,None,0
14,16,R2,Male,610,75+,DAY,NA,,,,,,,,,,tryoni,,Dusk,1
14,17,R2,Male,611,95,DAY,NA,,,,,,,,,,,,None,0
14,18,R2,Male,612,75+,DAY,NA,,,,,,,,,,,,None,0
16,1,R1_1,Male,631,75+,DAY,NA,,,,,,,,,,,,None,0
16,2,R1_1,Male,632,5,DAY,NA,,,,,,,,,,neo,,Dusk,1
16,3,R1_1,Male,633,0,DAY,NA,,,,,,,,,,,,None,0
16,4,R1_1,Male,634,5,DAY,NA,14:00,14:15,neo,,,,,,,,,Day,1
16,5,R1_1,Male,635,95,DAY,NA,,,,,,,,,,,,None,0
16,6,R1_1,Male,636,95,DAY,NA,,,,,,,,,,tryoni,,Dusk,1
16,7,R1_5,Male,637,25,DAY,NA,,,,,,,,,,,,None,0
16,8,R1_5,Male,638,0,DAY,NA,15:30,16:00,neo,,,,,,,,,Day,1
16,9,R1_5,Male,639,25-,DAY,NA,15:45,16:00,neo,,,,,,,neo,,Both,2
16,10,R1_5,Male,640,25-,DAY,NA,15:45,16:00,tryoni,,,,,,,,,Day,1
16,11,R1_5,Male,641,5,DAY,NA,,,,,,,,,,,,None,0
16,12,R1_5,Male,642,5,DAY,NA,13:45,14:00,neo,15:30,16:00,neo,,,,,,Day,2
16,13,R2,Male,643,95,DAY,NA,,,,,,,,,,,,None,0
16,14,R2,Male,644,95,DAY,NA,,,,,,,,,,,,None,0
16,15,R2,Male,645,0,DAY,NA,,,,,,,,,,,,None,0
16,16,R2,Male,646,95,DAY,NA,,,,,,,,,,,,None,0
16,17,R2,Male,647,75+,DAY,NA,,,,,,,,,,,,None,0
16,18,R2,Male,648,5,DAY,NA,,,,,,,,,,,,None,0
18,1,R1_1,Male,667,95,DAY,NA,,,,,,,,,,,,None,0
18,2,R1_1,Male,668,75,DAY,NA,,,,,,,,,,,,None,0
18,3,R1_1,Male,669,75+,DAY,NA,,,,,,,,,,,,None,0
18,4,R1_1,Male,670,95,DAY,NA,15:15,15:30,neo,,,,,,,tryoni,,Both,2
18,5,R1_1,Male,671,5,DAY,NA,,,,,,,,,,tryoni,,Dusk,1
18,6,R1_1,Male,672,75+,DAY,NA,,,,,,,,,,tryoni,,Dusk,1
18,7,R1_5,Male,673,25,DAY,NA,,,,,,,,,,tryoni,,Dusk,1
18,8,R1_5,Male,674,25-,DAY,NA,16:00,16:15,neo,,,,,,,,,None,1
18,9,R1_5,Male,675,50,DAY,NA,15:00,15:45,neo,,,,,,,,,Day,1
18,10,R1_5,Male,676,25-,DAY,NA,,,,,,,,,,,,None,0
18,11,R1_5,Male,677,5,DAY,NA,14:15,16:00,neo,,,,,,,,,Day,1
18,12,R1_5,Male,678,75,DAY,NA,,,,,,,,,,tryoni,,Dusk,1
18,13,R2,Male,679,95,DAY,NA,,,,,,,,,,,,None,0
18,14,R2,Male,680,75+,DAY,NA,,,,,,,,,,tryoni,,Dusk,1
18,15,R2,Male,681,95,DAY,NA,,,,,,,,,,tryoni,,Dusk,1
18,16,R2,Male,682,95,DAY,NA,,,,,,,,,,,DISCARD,None,0
18,17,R2,Male,683,25,DAY,NA,,,,,,,,,,,DISCARD,None,0
18,18,R2,Male,684,75+,DAY,NA,,,,,,,,,,,,None,0
20,1,R1_1,Male,703,95,DAY,NA,,,,,,,,,,,,None,0
20,2,R1_1,Male,704,95,DAY,NA,,,,,,,,,,,,None,0
20,3,R1_1,Male,705,75+,DAY,NA,,,,,,,,,,,,None,0
20,4,R1_1,Male,706,75+,DAY,NA,,,,,,,,,,,,None,0
20,5,R1_1,Male,707,95,DAY,NA,15:30,16:00,neo,,,,,,,,,Day,1
20,6,R1_1,Male,708,75+,DAY,NA,,,,,,,,,,tryoni,,Dusk,1
20,7,R1_5,Male,709,25-,DAY,NA,16:00,Dusk,neo,,,,,,,neo,,Dusk,2
20,8,R1_5,Male,710,50,DAY,NA,,,,,,,,,,,,None,0
20,9,R1_5,Male,711,50,DAY,NA,,,,,,,,,,,,None,0
20,10,R1_5,Male,712,5,DAY,NA,14:30,15:15,neo,,,,,,,,,Day,1
20,11,R1_5,Male,713,50,DAY,NA,,,,,,,,,,,DISCARD,None,0
20,12,R1_5,Male,714,50,DAY,NA,15:45,16:00,neo,,,,,,,,,Day,1
20,13,R2,Male,715,75+,DAY,NA,,,,,,,,,,tryoni,,Dusk,1
20,14,R2,Male,716,95,DAY,NA,,,,,,,,,,,,None,0
20,15,R2,Male,717,95,DAY,NA,,,,,,,,,,,,None,0
20,16,R2,Male,718,95,DAY,NA,,,,,,,,,,,,None,0
20,17,R2,Male,719,95,DAY,NA,,,,,,,,,,,,None,0
20,18,R2,Male,720,95,DAY,NA,,,,,,,,,,,,None,0
Control,Control1,neoC,Male,,,DAY,NA,,,,,,,,,,,,None,0
Control,Control1,S06,Male,,,DAY,NA,,,,,,,,,,tryoni,,Dusk,1
Control,Control10,neoC,Male,,,DAY,NA,,,,,,,,,,,,None,0
Control,Control10,S06,Male,,,DAY,NA,,,,,,,,,,tryoni,,Dusk,1
Control,Control11,neoC,Male,,,DAY,NA,,,,,,,,,,,,None,0
Control,Control11,S06,Male,,,DAY,NA,,,,,,,,,,tryoni,,Dusk,1
Control,Control12,neoC,Male,,,DAY,NA,,,,,,,,,,,,None,0
Control,Control12,S06,Male,,,DAY,NA,,,,,,,,,,tryoni,,Dusk,1
Control,Control13,neoC,Male,,,DAY,NA,,,,,,,,,,,,None,0
Control,Control13,S06,Male,,,DAY,NA,,,,,,,,,,,,None,0
Control,Control14,neoC,Male,,,DAY,NA,,,,,,,,,,,,None,0
Control,Control14,S06,Male,,,DAY,NA,,,,,,,,,,tryoni,,Dusk,1
Control,Control15,neoC,Male,,,DAY,NA,,,,,,,,,,,,None,0
Control,Control15,S06,Male,,,DAY,NA,,,,,,,,,,tryoni,,Dusk,1
Control,Control2,neoC,Male,,,DAY,NA,,,,,,,,,,,,None,0
Control,Control2,S06,Male,,,DAY,NA,,,,,,,,,,tryoni,,Dusk,1
Control,Control3,neoC,Male,,,DAY,NA,,,,,,,,,,,,None,0
Control,Control3,S06,Male,,,DAY,NA,,,,,,,,,,tryoni,,Dusk,1
Control,Control4,neoC,Male,,,DAY,NA,9:15,9:30,neo,10:00,10:15,neo,,,,,,Day,2
Control,Control4,S06,Male,,,DAY,NA,,,,,,,,,,,,None,0
Control,Control5,neoC,Male,,,DAY,NA,,,,,,,,,,,,None,0
Control,Control5,S06,Male,,,DAY,NA,,,,,,,,,,tryoni,,Dusk,1
Control,Control6,neoC,Male,,,DAY,NA,,,,,,,,,,,,None,0
Control,Control6,S06,Male,,,DAY,NA,,,,,,,,,,tryoni,,Dusk,1
Control,Control7,neoC,Male,,,DAY,NA,,,,,,,,,,tryoni,,Dusk,1
Control,Control7,S06,Male,,,DAY,NA,,,,,,,,,,,,None,0
Control,Control8,neoC,Male,,,DAY,NA,,,,,,,,,,,,None,0
Control,Control8,S06,Male,,,DAY,NA,,,,,,,,,,tryoni,,Dusk,1
Control,Control9,neoC,Male,,,DAY,NA,,,,,,,,,,,,None,0
Control,Control9,S06,Male,,,DAY,NA,,,,,,,,,,tryoni,,Dusk,1
